ticket_id,client_name,project_name,channel,text,ticket_type,churn_risk,project_age_days,open_incidents_30d,sentiment_label,is_phishing,has_pii,created_at
1,Cliente Pacífico,Portal de Pagos,whatsapp,El botón de exportar a Excel no descarga el archivo y no muestra mensaje de error.,Correctivo,28,559,5,0,0,0,2025-11-02 11:10:01
2,Cliente Andes,Portal de Pagos,correo,Los datos de ventas diarios no se actualizan desde hace dos días.,Correctivo,83,719,34,0,0,0,2025-11-15 11:10:01
3,TecnoCloud,API de Notificaciones,portal,El cliente solicita agregar un filtro por sucursal en el tablero de KPIs para segmentar mejor la información. Comentan que en general están muy contentos con la plataforma. rápido,Evolutivo,40,160,13,1,0,0,2025-11-23 11:10:01
4,Cliente Pacífico,Integración ERP,correo,"Al aprobar una orden de compra, el sistema se queda congelado y debemos reiniciar.",Correctivo,29,550,7,0,0,0,2025-11-24 11:10:01
5,SaludNet,Portal de Proveedores,whatsapp,El cliente quiere que el sistema envíe alertas automáticas cuando el SLA esté cerca de incumplirse. Comentan que en general están muy contentos con la plataforma. excelente,Evolutivo,22,297,5,1,0,0,2025-10-05 11:10:01
6,Cliente Pacífico,Integración ERP,portal,"Al aprobar una orden de compra, el sistema se queda congelado y debemos reiniciar. El cliente está muy molesto y necesita solución urgente. urgente",Correctivo,91,624,40,-1,0,0,2025-10-26 11:10:01
7,Banco Aurora,App de Soporte,portal,Los datos de ventas diarios no se actualizan desde hace dos días.,Correctivo,52,58,14,0,0,0,2025-10-09 11:10:01
8,Finanzas Alpha,Integración ERP,portal,El dashboard de indicadores muestra totales diferentes a los del reporte detallado. El cliente está muy molesto y necesita solución urgente. muy molesto,Correctivo,69,659,29,-1,0,0,2025-11-13 11:10:01
9,Cliente Caribe,Tablero de KPIs,whatsapp,"El portal está muy lento, las páginas tardan más de 10 segundos en cargar. El cliente está muy molesto y necesita solución urgente. inaceptable",Correctivo,33,225,8,-1,0,0,2025-10-29 11:10:01
10,Cliente Pacífico,Portal de Pagos,correo,"Los usuarios no pueden iniciar sesión, el sistema muestra credenciales inválidas aunque son correctas. El cliente está muy molesto y necesita solución urgente. muy molesto",Correctivo,75,611,29,-1,0,0,2025-11-13 11:10:01
11,SaludNet,Portal de Pagos,whatsapp,Plantean la creación de un panel específico para seguimiento de tickets críticos. Comentan que en general están muy contentos con la plataforma. rápido,Evolutivo,36,446,10,1,0,0,2025-11-29 11:10:01
12,Retail Nova,Gestión de Contratos,correo,La pantalla de reportes se queda en blanco cuando filtramos por rango de fechas. El cliente está muy molesto y necesita solución urgente. frustrado,Correctivo,32,204,9,-1,0,0,2025-10-12 11:10:01
13,Cliente Caribe,Gestión de Contratos,whatsapp,El cliente propone un módulo de autoservicio donde ellos mismos puedan configurar algunos reportes. El cliente deja su correo juan.perez@example.com y el número 3201234567 para contacto.,Evolutivo,39,315,15,0,0,1,2025-11-14 11:10:01
14,EduTech Global,Módulo de Facturación,correo,Nos piden incluir un resumen ejecutivo con gráficos en el informe mensual descargable en PDF. Comentan que en general están muy contentos con la plataforma. muy contentos,Evolutivo,33,563,10,1,0,0,2025-10-27 11:10:01
15,EduTech Global,Integración ERP,correo,El equipo comercial solicita una vista móvil optimizada para revisar métricas desde el celular.,Evolutivo,73,383,28,0,0,0,2025-11-01 11:10:01
16,Cliente Pacífico,Tablero de KPIs,correo,Desde la última actualización el módulo de facturación devuelve error 500 al generar las facturas. El cliente está muy molesto y necesita solución urgente. urgente,Correctivo,8,647,3,-1,0,0,2025-11-25 11:10:01
17,Cliente Andes,BI Ejecutivo,correo,"El portal está muy lento, las páginas tardan más de 10 segundos en cargar. El cliente está muy molesto y necesita solución urgente. frustrado",Correctivo,72,591,30,-1,0,0,2025-10-10 11:10:01
18,TecnoCloud,Integración ERP,correo,Los correos de recuperación de contraseña no están llegando a los clientes.,Correctivo,100,56,43,0,0,0,2025-10-19 11:10:01
19,Cliente Pacífico,Portal de Pagos,portal,Nos piden incluir un resumen ejecutivo con gráficos en el informe mensual descargable en PDF. Comentan que en general están muy contentos con la plataforma. muy contentos,Evolutivo,50,188,17,1,0,0,2025-11-14 11:10:01
20,Cliente Pacífico,App Móvil Clientes,whatsapp,Los datos de ventas diarios no se actualizan desde hace dos días.,Correctivo,35,243,10,0,0,0,2025-10-29 11:10:01
21,TecnoCloud,Tablero de KPIs,portal,Requieren integrar el módulo de facturación con un nuevo proveedor de pagos en línea. Comentan que en general están muy contentos con la plataforma. muy contentos,Evolutivo,71,293,27,1,0,0,2025-10-18 11:10:01
22,TecnoCloud,App de Soporte,correo,Desde la última actualización el módulo de facturación devuelve error 500 al generar las facturas.,Correctivo,24,59,3,0,0,0,2025-10-30 11:10:01
23,SaludNet,Gestión de Contratos,correo,Los datos de ventas diarios no se actualizan desde hace dos días. El cliente está muy molesto y necesita solución urgente. crítico,Correctivo,32,414,7,-1,0,0,2025-11-14 11:10:01
24,EduTech Global,API de Notificaciones,correo,Nos solicitan habilitar autenticación con doble factor para los usuarios administradores. Comentan que en general están muy contentos con la plataforma. rápido,Evolutivo,98,210,42,1,0,0,2025-11-14 11:10:01
25,Retail Nova,Integración ERP,correo,Piden agregar un campo de referencia interna en las órdenes de compra para rastrear campañas.,Evolutivo,91,10,29,0,0,0,2025-10-24 11:10:01
26,Cliente Pacífico,Módulo de Facturación,whatsapp,"El portal está muy lento, las páginas tardan más de 10 segundos en cargar. El cliente está muy molesto y necesita solución urgente. crítico",Correctivo,47,379,18,-1,0,0,2025-11-01 11:10:01
27,SaludNet,Portal de Proveedores,whatsapp,"Un usuario reporta que le llegó un mensaje pidiendo datos de tarjeta de crédito para mantener el acceso a la plataforma. Plantean la creación de un panel específico para seguimiento de tickets críticos. Además, el usuario adjunta el enlace sospechoso que pide usuario y contraseña. Comentan que en general están muy contentos con la plataforma. excelente",Evolutivo,24,271,7,1,1,0,2025-10-13 11:10:01
28,SaludNet,App de Soporte,portal,El botón de exportar a Excel no descarga el archivo y no muestra mensaje de error. El cliente está muy molesto y necesita solución urgente. inaceptable,Correctivo,75,518,31,-1,0,0,2025-10-03 11:10:01
29,Cliente Andes,Módulo de Facturación,whatsapp,"Un usuario reporta que le llegó un mensaje pidiendo datos de tarjeta de crédito para mantener el acceso a la plataforma. El portal está muy lento, las páginas tardan más de 10 segundos en cargar. Además, el usuario adjunta el enlace sospechoso que pide usuario y contraseña. El cliente está muy molesto y necesita solución urgente. inaceptable",Correctivo,100,166,47,-1,1,0,2025-10-25 11:10:01
30,Logística Sur,Gestión de Contratos,correo,"Los usuarios no pueden iniciar sesión, el sistema muestra credenciales inválidas aunque son correctas. El cliente está muy molesto y necesita solución urgente. crítico",Correctivo,25,441,8,-1,0,0,2025-11-10 11:10:01
31,Finanzas Alpha,Portal de Pagos,portal,El botón de exportar a Excel no descarga el archivo y no muestra mensaje de error. El cliente está muy molesto y necesita solución urgente. muy molesto,Correctivo,100,636,47,-1,0,0,2025-10-01 11:10:01
32,Banco Aurora,App de Soporte,correo,El cliente solicita agregar un filtro por sucursal en el tablero de KPIs para segmentar mejor la información.,Evolutivo,96,422,42,0,0,0,2025-11-12 11:10:01
33,Cliente Caribe,Módulo de Facturación,portal,El área de finanzas pide poder exportar los reportes también en formato CSV. Comentan que en general están muy contentos con la plataforma. rápido,Evolutivo,37,234,14,1,0,0,2025-10-18 11:10:01
34,Banco Aurora,Integración ERP,portal,La pantalla de reportes se queda en blanco cuando filtramos por rango de fechas. El cliente está muy molesto y necesita solución urgente. muy molesto,Correctivo,82,696,34,-1,0,0,2025-09-30 11:10:01
35,Cliente Andes,Módulo de Facturación,portal,"Un usuario reporta que le llegó un mensaje pidiendo datos de tarjeta de crédito para mantener el acceso a la plataforma. El portal está muy lento, las páginas tardan más de 10 segundos en cargar. Además, el usuario adjunta el enlace sospechoso que pide usuario y contraseña.",Correctivo,93,447,38,0,1,0,2025-11-22 11:10:01
36,Logística Sur,API de Notificaciones,correo,"Recibimos un correo que solicita actualizar las credenciales en un enlace sospechoso, parece un intento de phishing. Los correos de recuperación de contraseña no están llegando a los clientes. Además, el usuario adjunta el enlace sospechoso que pide usuario y contraseña. El cliente está muy molesto y necesita solución urgente. inaceptable",Correctivo,59,639,20,-1,1,0,2025-10-06 11:10:01
37,Cliente Pacífico,Portal de Proveedores,whatsapp,Los correos de recuperación de contraseña no están llegando a los clientes. El cliente está muy molesto y necesita solución urgente. crítico,Correctivo,99,431,42,-1,0,0,2025-10-17 11:10:01
38,Cliente Caribe,API de Notificaciones,whatsapp,Los datos de ventas diarios no se actualizan desde hace dos días. El cliente está muy molesto y necesita solución urgente. frustrado,Correctivo,96,622,41,-1,0,0,2025-10-31 11:10:01
39,TecnoCloud,App Móvil Clientes,whatsapp,El menú principal desaparece cuando se abre el módulo de contratos.,Correctivo,23,675,5,0,0,0,2025-10-28 11:10:01
40,EduTech Global,BI Ejecutivo,correo,El equipo comercial solicita una vista móvil optimizada para revisar métricas desde el celular. Comentan que en general están muy contentos con la plataforma. gracias,Evolutivo,61,48,15,1,0,0,2025-10-21 11:10:01
41,Cliente Pacífico,App Móvil Clientes,portal,El cliente propone un módulo de autoservicio donde ellos mismos puedan configurar algunos reportes. Comentan que en general están muy contentos con la plataforma. excelente,Evolutivo,91,152,41,1,0,0,2025-10-03 11:10:01
42,Cliente Pacífico,Integración ERP,correo,Los datos de ventas diarios no se actualizan desde hace dos días.,Correctivo,69,125,29,0,0,0,2025-10-09 11:10:01
43,TecnoCloud,Gestión de Contratos,whatsapp,El menú principal desaparece cuando se abre el módulo de contratos. El cliente está muy molesto y necesita solución urgente. frustrado,Correctivo,36,457,10,-1,0,0,2025-11-01 11:10:01
44,Retail Nova,Tablero de KPIs,whatsapp,Los datos de ventas diarios no se actualizan desde hace dos días. El cliente está muy molesto y necesita solución urgente. inaceptable,Correctivo,48,241,17,-1,0,0,2025-11-09 11:10:01
45,SaludNet,Módulo de Facturación,correo,Los correos de recuperación de contraseña no están llegando a los clientes. El cliente está muy molesto y necesita solución urgente. muy molesto,Correctivo,84,339,34,-1,0,0,2025-11-03 11:10:01
46,Cliente Andes,Tablero de KPIs,portal,El dashboard de indicadores muestra totales diferentes a los del reporte detallado. El cliente deja su correo juan.perez@example.com y el número 3201234567 para contacto.,Correctivo,64,590,24,0,0,1,2025-11-29 11:10:01
47,Finanzas Alpha,Portal de Proveedores,portal,Nos solicitan habilitar autenticación con doble factor para los usuarios administradores.,Evolutivo,74,226,31,0,0,0,2025-11-12 11:10:01
48,Logística Sur,App Móvil Clientes,correo,Los correos de recuperación de contraseña no están llegando a los clientes.,Correctivo,77,638,34,0,0,0,2025-10-02 11:10:01
49,Logística Sur,API de Notificaciones,whatsapp,Nos piden incluir un resumen ejecutivo con gráficos en el informe mensual descargable en PDF. Comentan que en general están muy contentos con la plataforma. gracias,Evolutivo,62,267,24,1,0,0,2025-11-16 11:10:01
50,TecnoCloud,BI Ejecutivo,portal,Nos solicitan habilitar autenticación con doble factor para los usuarios administradores. Comentan que en general están muy contentos con la plataforma. gracias,Evolutivo,13,482,1,1,0,0,2025-11-26 11:10:01
51,Finanzas Alpha,Tablero de KPIs,whatsapp,Desde la última actualización el módulo de facturación devuelve error 500 al generar las facturas. El cliente está muy molesto y necesita solución urgente. urgente,Correctivo,30,637,9,-1,0,0,2025-11-21 11:10:01
52,TecnoCloud,Módulo de Facturación,whatsapp,El área de finanzas pide poder exportar los reportes también en formato CSV. Comentan que en general están muy contentos con la plataforma. funciona bien,Evolutivo,100,118,49,1,0,0,2025-11-10 11:10:01
53,Cliente Pacífico,API de Notificaciones,correo,El cliente propone un módulo de autoservicio donde ellos mismos puedan configurar algunos reportes. Comentan que en general están muy contentos con la plataforma. excelente,Evolutivo,100,78,37,1,0,0,2025-11-14 11:10:01
54,Cliente Pacífico,Portal de Proveedores,whatsapp,Nos piden incluir un resumen ejecutivo con gráficos en el informe mensual descargable en PDF. Comentan que en general están muy contentos con la plataforma. funciona bien,Evolutivo,98,439,42,1,0,0,2025-11-25 11:10:01
55,SaludNet,BI Ejecutivo,correo,El área de finanzas pide poder exportar los reportes también en formato CSV.,Evolutivo,100,471,45,0,0,0,2025-11-02 11:10:01
56,Cliente Caribe,Gestión de Contratos,whatsapp,Los datos de ventas diarios no se actualizan desde hace dos días.,Correctivo,48,607,17,0,0,0,2025-10-06 11:10:01
57,Banco Aurora,Módulo de Facturación,portal,El equipo comercial solicita una vista móvil optimizada para revisar métricas desde el celular.,Evolutivo,22,345,1,0,0,0,2025-10-06 11:10:01
58,Finanzas Alpha,App de Soporte,portal,"El portal está muy lento, las páginas tardan más de 10 segundos en cargar.",Correctivo,79,283,35,0,0,0,2025-10-27 11:10:01
59,Banco Aurora,Módulo de Facturación,correo,El área de finanzas pide poder exportar los reportes también en formato CSV. Comentan que en general están muy contentos con la plataforma. muy contentos,Evolutivo,100,459,50,1,0,0,2025-11-24 11:10:01
60,Retail Nova,Tablero de KPIs,portal,Piden agregar un campo de referencia interna en las órdenes de compra para rastrear campañas.,Evolutivo,71,353,27,0,0,0,2025-11-08 11:10:01
61,Finanzas Alpha,App Móvil Clientes,portal,El botón de exportar a Excel no descarga el archivo y no muestra mensaje de error. El cliente está muy molesto y necesita solución urgente. frustrado,Correctivo,34,707,11,-1,0,0,2025-11-16 11:10:01
62,TecnoCloud,Portal de Proveedores,whatsapp,Los datos de ventas diarios no se actualizan desde hace dos días.,Correctivo,42,304,14,0,0,0,2025-11-18 11:10:01
63,Retail Nova,Portal de Pagos,whatsapp,"Recibimos un correo que solicita actualizar las credenciales en un enlace sospechoso, parece un intento de phishing. El portal está muy lento, las páginas tardan más de 10 segundos en cargar. Además, el usuario adjunta el enlace sospechoso que pide usuario y contraseña. El cliente está muy molesto y necesita solución urgente. crítico",Correctivo,100,654,48,-1,1,0,2025-11-23 11:10:01
64,Cliente Andes,API de Notificaciones,portal,El menú principal desaparece cuando se abre el módulo de contratos. El cliente está muy molesto y necesita solución urgente. muy molesto,Correctivo,23,117,4,-1,0,0,2025-10-29 11:10:01
65,Cliente Pacífico,API de Notificaciones,whatsapp,Requieren integrar el módulo de facturación con un nuevo proveedor de pagos en línea. Comentan que en general están muy contentos con la plataforma. excelente,Evolutivo,85,122,35,1,0,0,2025-10-22 11:10:01
66,EduTech Global,API de Notificaciones,correo,Nos solicitan habilitar autenticación con doble factor para los usuarios administradores.,Evolutivo,56,440,19,0,0,0,2025-10-21 11:10:01
67,Cliente Andes,API de Notificaciones,whatsapp,El botón de exportar a Excel no descarga el archivo y no muestra mensaje de error. El cliente está muy molesto y necesita solución urgente. crítico,Correctivo,80,178,35,-1,0,0,2025-11-19 11:10:01
68,Cliente Andes,Integración ERP,portal,El área de finanzas pide poder exportar los reportes también en formato CSV.,Evolutivo,68,720,29,0,0,0,2025-10-17 11:10:01
69,Banco Aurora,Portal de Proveedores,whatsapp,El botón de exportar a Excel no descarga el archivo y no muestra mensaje de error. El cliente está muy molesto y necesita solución urgente. inaceptable,Correctivo,17,146,4,-1,0,0,2025-11-19 11:10:01
70,Retail Nova,API de Notificaciones,whatsapp,Piden agregar un campo de referencia interna en las órdenes de compra para rastrear campañas. Comentan que en general están muy contentos con la plataforma. muy contentos,Evolutivo,81,279,32,1,0,0,2025-10-29 11:10:01
71,TecnoCloud,Módulo de Facturación,whatsapp,Los correos de recuperación de contraseña no están llegando a los clientes. El cliente está muy molesto y necesita solución urgente. crítico,Correctivo,90,691,36,-1,0,0,2025-09-30 11:10:01
72,Cliente Andes,Portal de Proveedores,whatsapp,"Los usuarios no pueden iniciar sesión, el sistema muestra credenciales inválidas aunque son correctas.",Correctivo,89,186,37,0,0,0,2025-10-20 11:10:01
73,TecnoCloud,Módulo de Facturación,portal,"Al aprobar una orden de compra, el sistema se queda congelado y debemos reiniciar. El cliente está muy molesto y necesita solución urgente. muy molesto",Correctivo,75,711,31,-1,0,0,2025-10-18 11:10:01
74,Logística Sur,Gestión de Contratos,correo,"Al aprobar una orden de compra, el sistema se queda congelado y debemos reiniciar.",Correctivo,15,527,0,0,0,0,2025-10-05 11:10:01
75,SaludNet,App Móvil Clientes,portal,Los datos de ventas diarios no se actualizan desde hace dos días. El cliente está muy molesto y necesita solución urgente. urgente,Correctivo,51,209,17,-1,0,0,2025-11-21 11:10:01
76,Retail Nova,App Móvil Clientes,whatsapp,Desde la última actualización el módulo de facturación devuelve error 500 al generar las facturas. El cliente está muy molesto y necesita solución urgente. crítico,Correctivo,79,319,35,-1,0,0,2025-10-25 11:10:01
77,Logística Sur,Módulo de Facturación,correo,Nos piden incluir un resumen ejecutivo con gráficos en el informe mensual descargable en PDF.,Evolutivo,100,511,45,0,0,0,2025-10-28 11:10:01
78,Retail Nova,Integración ERP,portal,El equipo comercial solicita una vista móvil optimizada para revisar métricas desde el celular. Comentan que en general están muy contentos con la plataforma. funciona bien,Evolutivo,100,521,47,1,0,0,2025-10-05 11:10:01
79,Cliente Pacífico,Portal de Proveedores,portal,Los datos de ventas diarios no se actualizan desde hace dos días. El cliente deja su correo juan.perez@example.com y el número 3201234567 para contacto.,Correctivo,93,602,37,0,0,1,2025-10-29 11:10:01
80,Cliente Caribe,App Móvil Clientes,whatsapp,"Al aprobar una orden de compra, el sistema se queda congelado y debemos reiniciar. El cliente está muy molesto y necesita solución urgente. inaceptable",Correctivo,100,194,44,-1,0,0,2025-10-24 11:10:01
81,Logística Sur,Tablero de KPIs,portal,El menú principal desaparece cuando se abre el módulo de contratos. El cliente está muy molesto y necesita solución urgente. crítico,Correctivo,7,508,2,-1,0,0,2025-10-28 11:10:01
82,EduTech Global,BI Ejecutivo,correo,El área de finanzas pide poder exportar los reportes también en formato CSV. Comentan que en general están muy contentos con la plataforma. excelente,Evolutivo,93,420,41,1,0,0,2025-11-25 11:10:01
83,TecnoCloud,Portal de Proveedores,portal,Nos solicitan habilitar autenticación con doble factor para los usuarios administradores.,Evolutivo,62,547,24,0,0,0,2025-10-20 11:10:01
84,TecnoCloud,Gestión de Contratos,correo,El equipo comercial solicita una vista móvil optimizada para revisar métricas desde el celular.,Evolutivo,64,93,27,0,0,0,2025-10-12 11:10:01
85,Cliente Pacífico,App Móvil Clientes,correo,"Recibimos un correo que solicita actualizar las credenciales en un enlace sospechoso, parece un intento de phishing. El cliente solicita agregar un filtro por sucursal en el tablero de KPIs para segmentar mejor la información. Además, el usuario adjunta el enlace sospechoso que pide usuario y contraseña. Comentan que en general están muy contentos con la plataforma. excelente",Evolutivo,81,251,33,1,1,0,2025-10-24 11:10:01
86,Cliente Caribe,App de Soporte,correo,Los correos de recuperación de contraseña no están llegando a los clientes.,Correctivo,44,147,14,0,0,0,2025-10-20 11:10:01
87,Retail Nova,App Móvil Clientes,portal,El área de finanzas pide poder exportar los reportes también en formato CSV. Comentan que en general están muy contentos con la plataforma. muy contentos,Evolutivo,87,354,37,1,0,0,2025-10-20 11:10:01
88,Logística Sur,Portal de Proveedores,portal,El equipo comercial solicita una vista móvil optimizada para revisar métricas desde el celular. Comentan que en general están muy contentos con la plataforma. muy contentos,Evolutivo,62,586,22,1,0,0,2025-11-11 11:10:01
89,Retail Nova,Portal de Pagos,whatsapp,Desde la última actualización el módulo de facturación devuelve error 500 al generar las facturas.,Correctivo,100,51,38,0,0,0,2025-10-07 11:10:01
90,Retail Nova,Tablero de KPIs,whatsapp,El equipo comercial solicita una vista móvil optimizada para revisar métricas desde el celular.,Evolutivo,97,676,43,0,0,0,2025-10-20 11:10:01
91,Cliente Pacífico,Portal de Pagos,portal,El cliente solicita agregar un filtro por sucursal en el tablero de KPIs para segmentar mejor la información. Comentan que en general están muy contentos con la plataforma. rápido,Evolutivo,100,335,47,1,0,0,2025-11-18 11:10:01
92,Banco Aurora,App de Soporte,whatsapp,El cliente quiere que el sistema envíe alertas automáticas cuando el SLA esté cerca de incumplirse.,Evolutivo,73,264,30,0,0,0,2025-10-13 11:10:01
93,Finanzas Alpha,Módulo de Facturación,portal,Requieren integrar el módulo de facturación con un nuevo proveedor de pagos en línea.,Evolutivo,67,691,25,0,0,0,2025-11-06 11:10:01
94,Cliente Pacífico,Integración ERP,correo,La pantalla de reportes se queda en blanco cuando filtramos por rango de fechas. El cliente está muy molesto y necesita solución urgente. frustrado,Correctivo,94,391,40,-1,0,0,2025-11-23 11:10:01
95,Banco Aurora,App Móvil Clientes,correo,Plantean la creación de un panel específico para seguimiento de tickets críticos.,Evolutivo,71,651,29,0,0,0,2025-10-19 11:10:01
96,Logística Sur,Módulo de Facturación,correo,Desde la última actualización el módulo de facturación devuelve error 500 al generar las facturas. El cliente está muy molesto y necesita solución urgente. frustrado,Correctivo,64,139,24,-1,0,0,2025-11-06 11:10:01
97,SaludNet,Integración ERP,whatsapp,Requieren integrar el módulo de facturación con un nuevo proveedor de pagos en línea.,Evolutivo,65,631,26,0,0,0,2025-11-27 11:10:01
98,Finanzas Alpha,Tablero de KPIs,portal,El botón de exportar a Excel no descarga el archivo y no muestra mensaje de error. El cliente deja su correo juan.perez@example.com y el número 3201234567 para contacto. El cliente está muy molesto y necesita solución urgente. frustrado,Correctivo,53,661,22,-1,0,1,2025-11-04 11:10:01
99,Retail Nova,Tablero de KPIs,correo,El área de finanzas pide poder exportar los reportes también en formato CSV.,Evolutivo,20,22,3,0,0,0,2025-11-14 11:10:01
100,Cliente Caribe,API de Notificaciones,correo,Los datos de ventas diarios no se actualizan desde hace dos días.,Correctivo,100,337,49,0,0,0,2025-10-10 11:10:01
101,EduTech Global,Portal de Pagos,portal,Requieren integrar el módulo de facturación con un nuevo proveedor de pagos en línea.,Evolutivo,93,113,42,0,0,0,2025-11-21 11:10:01
102,Cliente Andes,BI Ejecutivo,correo,Desde la última actualización el módulo de facturación devuelve error 500 al generar las facturas. El cliente deja su correo juan.perez@example.com y el número 3201234567 para contacto.,Correctivo,24,539,7,0,0,1,2025-10-30 11:10:01
103,TecnoCloud,BI Ejecutivo,whatsapp,El menú principal desaparece cuando se abre el módulo de contratos. El cliente está muy molesto y necesita solución urgente. frustrado,Correctivo,77,309,29,-1,0,0,2025-11-28 11:10:01
104,Cliente Andes,App Móvil Clientes,portal,La pantalla de reportes se queda en blanco cuando filtramos por rango de fechas. El cliente está muy molesto y necesita solución urgente. urgente,Correctivo,87,330,38,-1,0,0,2025-11-25 11:10:01
105,Cliente Caribe,Portal de Proveedores,whatsapp,Plantean la creación de un panel específico para seguimiento de tickets críticos.,Evolutivo,75,302,29,0,0,0,2025-10-22 11:10:01
106,Logística Sur,Módulo de Facturación,whatsapp,Los datos de ventas diarios no se actualizan desde hace dos días. El cliente está muy molesto y necesita solución urgente. crítico,Correctivo,58,424,21,-1,0,0,2025-11-04 11:10:01
107,Logística Sur,Módulo de Facturación,portal,"El portal está muy lento, las páginas tardan más de 10 segundos en cargar.",Correctivo,20,69,5,0,0,0,2025-11-24 11:10:01
108,Logística Sur,Módulo de Facturación,whatsapp,Requieren integrar el módulo de facturación con un nuevo proveedor de pagos en línea.,Evolutivo,94,338,42,0,0,0,2025-11-03 11:10:01
109,Finanzas Alpha,Integración ERP,whatsapp,"El portal está muy lento, las páginas tardan más de 10 segundos en cargar. El cliente está muy molesto y necesita solución urgente. crítico",Correctivo,100,159,42,-1,0,0,2025-11-15 11:10:01
110,Cliente Pacífico,BI Ejecutivo,whatsapp,"El portal está muy lento, las páginas tardan más de 10 segundos en cargar.",Correctivo,97,637,39,0,0,0,2025-10-19 11:10:01
111,SaludNet,Portal de Pagos,whatsapp,"Un usuario reporta que le llegó un mensaje pidiendo datos de tarjeta de crédito para mantener el acceso a la plataforma. Piden agregar un campo de referencia interna en las órdenes de compra para rastrear campañas. Además, el usuario adjunta el enlace sospechoso que pide usuario y contraseña. Comentan que en general están muy contentos con la plataforma. rápido",Evolutivo,17,360,0,1,1,0,2025-10-05 11:10:01
112,Cliente Caribe,API de Notificaciones,whatsapp,"Los usuarios no pueden iniciar sesión, el sistema muestra credenciales inválidas aunque son correctas. El cliente está muy molesto y necesita solución urgente. frustrado",Correctivo,63,221,24,-1,0,0,2025-10-31 11:10:01
113,Finanzas Alpha,App de Soporte,portal,"Al aprobar una orden de compra, el sistema se queda congelado y debemos reiniciar. El cliente está muy molesto y necesita solución urgente. urgente",Correctivo,38,160,10,-1,0,0,2025-11-26 11:10:01
114,Cliente Pacífico,Portal de Proveedores,portal,El área de finanzas pide poder exportar los reportes también en formato CSV. Comentan que en general están muy contentos con la plataforma. funciona bien,Evolutivo,59,117,22,1,0,0,2025-11-22 11:10:01
115,Retail Nova,API de Notificaciones,portal,"Un usuario reporta que le llegó un mensaje pidiendo datos de tarjeta de crédito para mantener el acceso a la plataforma. El portal está muy lento, las páginas tardan más de 10 segundos en cargar. Además, el usuario adjunta el enlace sospechoso que pide usuario y contraseña. El cliente está muy molesto y necesita solución urgente. crítico",Correctivo,37,309,13,-1,1,0,2025-10-12 11:10:01
116,Retail Nova,Portal de Proveedores,portal,El menú principal desaparece cuando se abre el módulo de contratos. El cliente está muy molesto y necesita solución urgente. crítico,Correctivo,89,513,35,-1,0,0,2025-10-09 11:10:01
117,Finanzas Alpha,Módulo de Facturación,portal,El cliente solicita agregar un filtro por sucursal en el tablero de KPIs para segmentar mejor la información. Comentan que en general están muy contentos con la plataforma. rápido,Evolutivo,72,590,27,1,0,0,2025-11-04 11:10:01
118,Logística Sur,Portal de Proveedores,correo,"Al aprobar una orden de compra, el sistema se queda congelado y debemos reiniciar. El cliente está muy molesto y necesita solución urgente. inaceptable",Correctivo,64,91,27,-1,0,0,2025-11-14 11:10:01
119,Logística Sur,API de Notificaciones,portal,Los correos de recuperación de contraseña no están llegando a los clientes. El cliente está muy molesto y necesita solución urgente. crítico,Correctivo,98,79,32,-1,0,0,2025-11-22 11:10:01
120,SaludNet,Gestión de Contratos,correo,El cliente quiere que el sistema envíe alertas automáticas cuando el SLA esté cerca de incumplirse.,Evolutivo,40,152,15,0,0,0,2025-11-20 11:10:01
121,Retail Nova,Tablero de KPIs,correo,Nos piden incluir un resumen ejecutivo con gráficos en el informe mensual descargable en PDF. Comentan que en general están muy contentos con la plataforma. funciona bien,Evolutivo,75,594,28,1,0,0,2025-10-01 11:10:01
122,EduTech Global,API de Notificaciones,portal,El cliente quiere que el sistema envíe alertas automáticas cuando el SLA esté cerca de incumplirse. El cliente deja su correo juan.perez@example.com y el número 3201234567 para contacto. Comentan que en general están muy contentos con la plataforma. rápido,Evolutivo,83,282,37,1,0,1,2025-11-07 11:10:01
123,SaludNet,Módulo de Facturación,portal,Desde la última actualización el módulo de facturación devuelve error 500 al generar las facturas. El cliente está muy molesto y necesita solución urgente. urgente,Correctivo,93,630,38,-1,0,0,2025-11-05 11:10:01
124,TecnoCloud,API de Notificaciones,whatsapp,El cliente solicita agregar un filtro por sucursal en el tablero de KPIs para segmentar mejor la información.,Evolutivo,92,330,38,0,0,0,2025-10-28 11:10:01
125,Cliente Caribe,Portal de Pagos,portal,"Al aprobar una orden de compra, el sistema se queda congelado y debemos reiniciar. El cliente deja su correo juan.perez@example.com y el número 3201234567 para contacto. El cliente está muy molesto y necesita solución urgente. urgente",Correctivo,100,254,45,-1,0,1,2025-11-01 11:10:01
126,SaludNet,Gestión de Contratos,whatsapp,"Al aprobar una orden de compra, el sistema se queda congelado y debemos reiniciar.",Correctivo,85,696,38,0,0,0,2025-10-10 11:10:01
127,Finanzas Alpha,Módulo de Facturación,portal,Los correos de recuperación de contraseña no están llegando a los clientes. El cliente está muy molesto y necesita solución urgente. frustrado,Correctivo,52,154,21,-1,0,0,2025-10-23 11:10:01
128,Cliente Caribe,BI Ejecutivo,portal,Nos solicitan habilitar autenticación con doble factor para los usuarios administradores. Comentan que en general están muy contentos con la plataforma. funciona bien,Evolutivo,96,386,41,1,0,0,2025-10-08 11:10:01
129,Cliente Caribe,Gestión de Contratos,correo,Nos solicitan habilitar autenticación con doble factor para los usuarios administradores. El cliente deja su correo juan.perez@example.com y el número 3201234567 para contacto. Comentan que en general están muy contentos con la plataforma. excelente,Evolutivo,100,350,49,1,0,1,2025-11-17 11:10:01
130,Banco Aurora,App de Soporte,correo,La pantalla de reportes se queda en blanco cuando filtramos por rango de fechas.,Correctivo,15,540,2,0,0,0,2025-11-08 11:10:01
131,EduTech Global,App de Soporte,whatsapp,"Los usuarios no pueden iniciar sesión, el sistema muestra credenciales inválidas aunque son correctas. El cliente está muy molesto y necesita solución urgente. crítico",Correctivo,11,449,2,-1,0,0,2025-11-06 11:10:01
132,Banco Aurora,App Móvil Clientes,whatsapp,El menú principal desaparece cuando se abre el módulo de contratos.,Correctivo,38,481,12,0,0,0,2025-10-17 11:10:01
133,EduTech Global,App Móvil Clientes,portal,Nos solicitan habilitar autenticación con doble factor para los usuarios administradores. Comentan que en general están muy contentos con la plataforma. excelente,Evolutivo,29,620,8,1,0,0,2025-11-26 11:10:01
134,TecnoCloud,BI Ejecutivo,whatsapp,Plantean la creación de un panel específico para seguimiento de tickets críticos.,Evolutivo,73,280,28,0,0,0,2025-11-20 11:10:01
135,Logística Sur,Módulo de Facturación,correo,El cliente quiere que el sistema envíe alertas automáticas cuando el SLA esté cerca de incumplirse. Comentan que en general están muy contentos con la plataforma. rápido,Evolutivo,58,242,24,1,0,0,2025-11-06 11:10:01
136,Banco Aurora,Portal de Pagos,portal,El cliente quiere que el sistema envíe alertas automáticas cuando el SLA esté cerca de incumplirse. Comentan que en general están muy contentos con la plataforma. muy contentos,Evolutivo,32,713,8,1,0,0,2025-11-01 11:10:01
137,EduTech Global,Portal de Pagos,correo,El botón de exportar a Excel no descarga el archivo y no muestra mensaje de error.,Correctivo,64,541,27,0,0,0,2025-10-11 11:10:01
138,Retail Nova,Tablero de KPIs,portal,El botón de exportar a Excel no descarga el archivo y no muestra mensaje de error. El cliente está muy molesto y necesita solución urgente. urgente,Correctivo,93,512,38,-1,0,0,2025-11-28 11:10:01
139,SaludNet,API de Notificaciones,correo,Piden agregar un campo de referencia interna en las órdenes de compra para rastrear campañas. Comentan que en general están muy contentos con la plataforma. muy contentos,Evolutivo,100,192,42,1,0,0,2025-11-24 11:10:01
140,SaludNet,BI Ejecutivo,correo,Plantean la creación de un panel específico para seguimiento de tickets críticos.,Evolutivo,69,400,30,0,0,0,2025-10-20 11:10:01
141,Logística Sur,BI Ejecutivo,portal,El cliente quiere que el sistema envíe alertas automáticas cuando el SLA esté cerca de incumplirse.,Evolutivo,30,644,6,0,0,0,2025-10-13 11:10:01
142,Finanzas Alpha,App de Soporte,correo,"Al aprobar una orden de compra, el sistema se queda congelado y debemos reiniciar.",Correctivo,100,476,44,0,0,0,2025-10-20 11:10:01
143,Cliente Caribe,App de Soporte,correo,"Recibimos un correo que solicita actualizar las credenciales en un enlace sospechoso, parece un intento de phishing. El área de finanzas pide poder exportar los reportes también en formato CSV. Además, el usuario adjunta el enlace sospechoso que pide usuario y contraseña. El cliente deja su correo juan.perez@example.com y el número 3201234567 para contacto. Comentan que en general están muy contentos con la plataforma. gracias",Evolutivo,55,324,19,1,1,1,2025-11-04 11:10:01
144,SaludNet,App Móvil Clientes,portal,El botón de exportar a Excel no descarga el archivo y no muestra mensaje de error. El cliente está muy molesto y necesita solución urgente. inaceptable,Correctivo,28,280,7,-1,0,0,2025-11-02 11:10:01
145,Logística Sur,App Móvil Clientes,portal,"Los usuarios no pueden iniciar sesión, el sistema muestra credenciales inválidas aunque son correctas.",Correctivo,44,532,17,0,0,0,2025-10-14 11:10:01
146,Logística Sur,Módulo de Facturación,portal,Requieren integrar el módulo de facturación con un nuevo proveedor de pagos en línea. Comentan que en general están muy contentos con la plataforma. rápido,Evolutivo,74,314,28,1,0,0,2025-10-15 11:10:01
147,Logística Sur,App de Soporte,whatsapp,"Un usuario reporta que le llegó un mensaje pidiendo datos de tarjeta de crédito para mantener el acceso a la plataforma. El menú principal desaparece cuando se abre el módulo de contratos. Además, el usuario adjunta el enlace sospechoso que pide usuario y contraseña. El cliente está muy molesto y necesita solución urgente. urgente",Correctivo,100,77,42,-1,1,0,2025-11-04 11:10:01
148,Finanzas Alpha,Gestión de Contratos,whatsapp,El cliente solicita agregar un filtro por sucursal en el tablero de KPIs para segmentar mejor la información.,Evolutivo,26,36,8,0,0,0,2025-11-14 11:10:01
149,Finanzas Alpha,BI Ejecutivo,portal,El cliente solicita agregar un filtro por sucursal en el tablero de KPIs para segmentar mejor la información.,Evolutivo,66,381,28,0,0,0,2025-10-24 11:10:01
150,Cliente Caribe,Gestión de Contratos,portal,"El portal está muy lento, las páginas tardan más de 10 segundos en cargar.",Correctivo,81,512,33,0,0,0,2025-10-02 11:10:01
151,SaludNet,Módulo de Facturación,portal,El área de finanzas pide poder exportar los reportes también en formato CSV.,Evolutivo,34,503,12,0,0,0,2025-11-21 11:10:01
152,Cliente Pacífico,App Móvil Clientes,correo,El área de finanzas pide poder exportar los reportes también en formato CSV.,Evolutivo,98,328,42,0,0,0,2025-10-15 11:10:01
153,Cliente Pacífico,Gestión de Contratos,whatsapp,"El portal está muy lento, las páginas tardan más de 10 segundos en cargar.",Correctivo,36,654,11,0,0,0,2025-10-28 11:10:01
154,Banco Aurora,Módulo de Facturación,correo,El equipo comercial solicita una vista móvil optimizada para revisar métricas desde el celular. El cliente deja su correo juan.perez@example.com y el número 3201234567 para contacto.,Evolutivo,75,378,29,0,0,1,2025-11-21 11:10:01
155,EduTech Global,Módulo de Facturación,correo,El menú principal desaparece cuando se abre el módulo de contratos.,Correctivo,30,76,8,0,0,0,2025-10-19 11:10:01
156,Cliente Pacífico,App Móvil Clientes,portal,El cliente quiere que el sistema envíe alertas automáticas cuando el SLA esté cerca de incumplirse.,Evolutivo,33,602,11,0,0,0,2025-11-02 11:10:01
157,SaludNet,Portal de Pagos,correo,"El portal está muy lento, las páginas tardan más de 10 segundos en cargar.",Correctivo,79,355,33,0,0,0,2025-10-06 11:10:01
158,Cliente Pacífico,Portal de Proveedores,correo,Plantean la creación de un panel específico para seguimiento de tickets críticos.,Evolutivo,83,96,32,0,0,0,2025-11-19 11:10:01
159,EduTech Global,API de Notificaciones,correo,El dashboard de indicadores muestra totales diferentes a los del reporte detallado.,Correctivo,5,578,2,0,0,0,2025-11-24 11:10:01
160,Cliente Andes,API de Notificaciones,portal,El cliente propone un módulo de autoservicio donde ellos mismos puedan configurar algunos reportes. Comentan que en general están muy contentos con la plataforma. funciona bien,Evolutivo,95,297,41,1,0,0,2025-10-30 11:10:01
161,Banco Aurora,Integración ERP,portal,Desde la última actualización el módulo de facturación devuelve error 500 al generar las facturas. El cliente está muy molesto y necesita solución urgente. inaceptable,Correctivo,32,622,9,-1,0,0,2025-10-05 11:10:01
162,Finanzas Alpha,BI Ejecutivo,portal,"Al aprobar una orden de compra, el sistema se queda congelado y debemos reiniciar. El cliente está muy molesto y necesita solución urgente. urgente",Correctivo,68,274,28,-1,0,0,2025-11-20 11:10:01
163,Cliente Pacífico,Portal de Pagos,portal,El cliente propone un módulo de autoservicio donde ellos mismos puedan configurar algunos reportes.,Evolutivo,86,336,36,0,0,0,2025-11-17 11:10:01
164,Cliente Caribe,App Móvil Clientes,whatsapp,"El portal está muy lento, las páginas tardan más de 10 segundos en cargar. El cliente deja su correo juan.perez@example.com y el número 3201234567 para contacto. El cliente está muy molesto y necesita solución urgente. muy molesto",Correctivo,44,247,13,-1,0,1,2025-11-07 11:10:01
165,Cliente Andes,Portal de Pagos,portal,El menú principal desaparece cuando se abre el módulo de contratos. El cliente deja su correo juan.perez@example.com y el número 3201234567 para contacto. El cliente está muy molesto y necesita solución urgente. crítico,Correctivo,100,271,46,-1,0,1,2025-10-12 11:10:01
166,Logística Sur,BI Ejecutivo,correo,El dashboard de indicadores muestra totales diferentes a los del reporte detallado. El cliente está muy molesto y necesita solución urgente. muy molesto,Correctivo,73,517,28,-1,0,0,2025-11-12 11:10:01
167,EduTech Global,API de Notificaciones,correo,La pantalla de reportes se queda en blanco cuando filtramos por rango de fechas. El cliente está muy molesto y necesita solución urgente. inaceptable,Correctivo,42,148,12,-1,0,0,2025-10-28 11:10:01
168,Logística Sur,Gestión de Contratos,correo,"Los usuarios no pueden iniciar sesión, el sistema muestra credenciales inválidas aunque son correctas. El cliente está muy molesto y necesita solución urgente. crítico",Correctivo,75,621,32,-1,0,0,2025-11-09 11:10:01
169,EduTech Global,BI Ejecutivo,correo,El dashboard de indicadores muestra totales diferentes a los del reporte detallado. El cliente está muy molesto y necesita solución urgente. frustrado,Correctivo,80,546,31,-1,0,0,2025-11-10 11:10:01
170,TecnoCloud,Portal de Pagos,portal,La pantalla de reportes se queda en blanco cuando filtramos por rango de fechas.,Correctivo,89,705,40,0,0,0,2025-10-22 11:10:01
171,TecnoCloud,Portal de Proveedores,whatsapp,El cliente propone un módulo de autoservicio donde ellos mismos puedan configurar algunos reportes.,Evolutivo,85,175,33,0,0,0,2025-10-14 11:10:01
172,EduTech Global,Integración ERP,correo,"Recibimos un correo que solicita actualizar las credenciales en un enlace sospechoso, parece un intento de phishing. El equipo comercial solicita una vista móvil optimizada para revisar métricas desde el celular. Además, el usuario adjunta el enlace sospechoso que pide usuario y contraseña. Comentan que en general están muy contentos con la plataforma. muy contentos",Evolutivo,64,156,26,1,1,0,2025-11-03 11:10:01
173,SaludNet,API de Notificaciones,portal,El cliente solicita agregar un filtro por sucursal en el tablero de KPIs para segmentar mejor la información.,Evolutivo,77,679,30,0,0,0,2025-11-05 11:10:01
174,Finanzas Alpha,App de Soporte,portal,El cliente quiere que el sistema envíe alertas automáticas cuando el SLA esté cerca de incumplirse.,Evolutivo,95,698,41,0,0,0,2025-10-21 11:10:01
175,TecnoCloud,Tablero de KPIs,correo,"El portal está muy lento, las páginas tardan más de 10 segundos en cargar. El cliente está muy molesto y necesita solución urgente. inaceptable",Correctivo,100,213,44,-1,0,0,2025-11-09 11:10:01
176,TecnoCloud,BI Ejecutivo,whatsapp,Piden agregar un campo de referencia interna en las órdenes de compra para rastrear campañas.,Evolutivo,55,405,22,0,0,0,2025-11-11 11:10:01
177,Cliente Andes,Portal de Proveedores,whatsapp,El menú principal desaparece cuando se abre el módulo de contratos. El cliente está muy molesto y necesita solución urgente. frustrado,Correctivo,83,278,35,-1,0,0,2025-11-21 11:10:01
178,Cliente Pacífico,API de Notificaciones,whatsapp,El botón de exportar a Excel no descarga el archivo y no muestra mensaje de error. El cliente está muy molesto y necesita solución urgente. crítico,Correctivo,27,54,6,-1,0,0,2025-11-08 11:10:01
179,TecnoCloud,Módulo de Facturación,whatsapp,El cliente solicita agregar un filtro por sucursal en el tablero de KPIs para segmentar mejor la información. Comentan que en general están muy contentos con la plataforma. muy contentos,Evolutivo,94,489,41,1,0,0,2025-10-12 11:10:01
180,Retail Nova,BI Ejecutivo,portal,Nos piden incluir un resumen ejecutivo con gráficos en el informe mensual descargable en PDF.,Evolutivo,52,39,11,0,0,0,2025-10-04 11:10:01
181,Cliente Caribe,Portal de Pagos,portal,Requieren integrar el módulo de facturación con un nuevo proveedor de pagos en línea.,Evolutivo,19,39,0,0,0,0,2025-10-24 11:10:01
182,EduTech Global,Módulo de Facturación,portal,Los datos de ventas diarios no se actualizan desde hace dos días. El cliente está muy molesto y necesita solución urgente. frustrado,Correctivo,46,480,17,-1,0,0,2025-10-09 11:10:01
183,Cliente Pacífico,BI Ejecutivo,correo,Piden agregar un campo de referencia interna en las órdenes de compra para rastrear campañas. El cliente deja su correo juan.perez@example.com y el número 3201234567 para contacto. Comentan que en general están muy contentos con la plataforma. rápido,Evolutivo,98,582,43,1,0,1,2025-11-18 11:10:01
184,EduTech Global,Integración ERP,portal,La pantalla de reportes se queda en blanco cuando filtramos por rango de fechas. El cliente deja su correo juan.perez@example.com y el número 3201234567 para contacto.,Correctivo,52,489,20,0,0,1,2025-11-29 11:10:01
185,Retail Nova,Integración ERP,correo,"El portal está muy lento, las páginas tardan más de 10 segundos en cargar.",Correctivo,66,12,16,0,0,0,2025-11-06 11:10:01
186,Banco Aurora,Portal de Pagos,whatsapp,"El portal está muy lento, las páginas tardan más de 10 segundos en cargar.",Correctivo,98,319,44,0,0,0,2025-10-20 11:10:01
187,Retail Nova,BI Ejecutivo,whatsapp,"Los usuarios no pueden iniciar sesión, el sistema muestra credenciales inválidas aunque son correctas.",Correctivo,69,383,26,0,0,0,2025-10-02 11:10:01
188,TecnoCloud,Gestión de Contratos,whatsapp,El equipo comercial solicita una vista móvil optimizada para revisar métricas desde el celular.,Evolutivo,73,539,28,0,0,0,2025-10-15 11:10:01
189,Finanzas Alpha,Módulo de Facturación,whatsapp,Los datos de ventas diarios no se actualizan desde hace dos días. El cliente está muy molesto y necesita solución urgente. crítico,Correctivo,82,336,33,-1,0,0,2025-11-22 11:10:01
190,Banco Aurora,API de Notificaciones,portal,Los datos de ventas diarios no se actualizan desde hace dos días. El cliente deja su correo juan.perez@example.com y el número 3201234567 para contacto. El cliente está muy molesto y necesita solución urgente. muy molesto,Correctivo,81,468,36,-1,0,1,2025-10-25 11:10:01
191,TecnoCloud,Portal de Proveedores,whatsapp,"El portal está muy lento, las páginas tardan más de 10 segundos en cargar. El cliente está muy molesto y necesita solución urgente. urgente",Correctivo,54,434,22,-1,0,0,2025-10-26 11:10:01
192,Cliente Andes,Módulo de Facturación,portal,Los correos de recuperación de contraseña no están llegando a los clientes. El cliente está muy molesto y necesita solución urgente. muy molesto,Correctivo,64,384,24,-1,0,0,2025-10-05 11:10:01
193,Logística Sur,Integración ERP,correo,Plantean la creación de un panel específico para seguimiento de tickets críticos. Comentan que en general están muy contentos con la plataforma. funciona bien,Evolutivo,77,403,33,1,0,0,2025-10-14 11:10:01
194,Banco Aurora,Portal de Pagos,correo,El área de finanzas pide poder exportar los reportes también en formato CSV.,Evolutivo,46,236,15,0,0,0,2025-11-07 11:10:01
195,Cliente Caribe,Portal de Proveedores,correo,"Un usuario reporta que le llegó un mensaje pidiendo datos de tarjeta de crédito para mantener el acceso a la plataforma. Nos piden incluir un resumen ejecutivo con gráficos en el informe mensual descargable en PDF. Además, el usuario adjunta el enlace sospechoso que pide usuario y contraseña.",Evolutivo,57,17,15,0,1,0,2025-11-25 11:10:01
196,Cliente Pacífico,API de Notificaciones,correo,Desde la última actualización el módulo de facturación devuelve error 500 al generar las facturas. El cliente deja su correo juan.perez@example.com y el número 3201234567 para contacto. El cliente está muy molesto y necesita solución urgente. frustrado,Correctivo,100,223,48,-1,0,1,2025-11-21 11:10:01
197,SaludNet,Portal de Proveedores,correo,El cliente propone un módulo de autoservicio donde ellos mismos puedan configurar algunos reportes.,Evolutivo,43,329,15,0,0,0,2025-10-04 11:10:01
198,Cliente Caribe,Gestión de Contratos,correo,"El portal está muy lento, las páginas tardan más de 10 segundos en cargar.",Correctivo,99,180,40,0,0,0,2025-11-02 11:10:01
199,SaludNet,App Móvil Clientes,correo,Nos solicitan habilitar autenticación con doble factor para los usuarios administradores. Comentan que en general están muy contentos con la plataforma. excelente,Evolutivo,59,308,24,1,0,0,2025-10-12 11:10:01
200,SaludNet,App Móvil Clientes,correo,Piden agregar un campo de referencia interna en las órdenes de compra para rastrear campañas. Comentan que en general están muy contentos con la plataforma. gracias,Evolutivo,67,576,26,1,0,0,2025-10-25 11:10:01
201,SaludNet,App de Soporte,portal,El botón de exportar a Excel no descarga el archivo y no muestra mensaje de error. El cliente deja su correo juan.perez@example.com y el número 3201234567 para contacto. El cliente está muy molesto y necesita solución urgente. inaceptable,Correctivo,80,95,34,-1,0,1,2025-11-26 11:10:01
202,Retail Nova,Integración ERP,whatsapp,El cliente solicita agregar un filtro por sucursal en el tablero de KPIs para segmentar mejor la información.,Evolutivo,82,688,35,0,0,0,2025-10-30 11:10:01
203,Banco Aurora,BI Ejecutivo,portal,El cliente solicita agregar un filtro por sucursal en el tablero de KPIs para segmentar mejor la información.,Evolutivo,48,491,15,0,0,0,2025-10-15 11:10:01
204,Banco Aurora,Integración ERP,correo,"El portal está muy lento, las páginas tardan más de 10 segundos en cargar. El cliente está muy molesto y necesita solución urgente. inaceptable",Correctivo,80,369,32,-1,0,0,2025-10-31 11:10:01
205,Cliente Pacífico,App Móvil Clientes,portal,El cliente quiere que el sistema envíe alertas automáticas cuando el SLA esté cerca de incumplirse. El cliente deja su correo juan.perez@example.com y el número 3201234567 para contacto.,Evolutivo,19,150,1,0,0,1,2025-10-25 11:10:01
206,EduTech Global,API de Notificaciones,whatsapp,"Los usuarios no pueden iniciar sesión, el sistema muestra credenciales inválidas aunque son correctas. El cliente está muy molesto y necesita solución urgente. crítico",Correctivo,89,512,35,-1,0,0,2025-09-30 11:10:01
207,Finanzas Alpha,Portal de Proveedores,portal,El área de finanzas pide poder exportar los reportes también en formato CSV. Comentan que en general están muy contentos con la plataforma. excelente,Evolutivo,73,560,31,1,0,0,2025-10-02 11:10:01
208,SaludNet,Portal de Pagos,whatsapp,La pantalla de reportes se queda en blanco cuando filtramos por rango de fechas.,Correctivo,35,423,8,0,0,0,2025-11-15 11:10:01
209,Cliente Pacífico,App de Soporte,correo,El menú principal desaparece cuando se abre el módulo de contratos. El cliente está muy molesto y necesita solución urgente. frustrado,Correctivo,100,495,42,-1,0,0,2025-11-28 11:10:01
210,Cliente Andes,Gestión de Contratos,whatsapp,Desde la última actualización el módulo de facturación devuelve error 500 al generar las facturas.,Correctivo,98,18,32,0,0,0,2025-11-02 11:10:01
211,Cliente Caribe,Módulo de Facturación,correo,El botón de exportar a Excel no descarga el archivo y no muestra mensaje de error.,Correctivo,100,274,50,0,0,0,2025-11-24 11:10:01
212,Finanzas Alpha,Integración ERP,portal,El botón de exportar a Excel no descarga el archivo y no muestra mensaje de error. El cliente está muy molesto y necesita solución urgente. urgente,Correctivo,65,96,25,-1,0,0,2025-11-05 11:10:01
213,SaludNet,App Móvil Clientes,correo,Requieren integrar el módulo de facturación con un nuevo proveedor de pagos en línea.,Evolutivo,82,340,36,0,0,0,2025-10-03 11:10:01
214,SaludNet,Portal de Pagos,correo,El dashboard de indicadores muestra totales diferentes a los del reporte detallado. El cliente deja su correo juan.perez@example.com y el número 3201234567 para contacto. El cliente está muy molesto y necesita solución urgente. inaceptable,Correctivo,91,557,36,-1,0,1,2025-11-27 11:10:01
215,Cliente Caribe,BI Ejecutivo,correo,El cliente propone un módulo de autoservicio donde ellos mismos puedan configurar algunos reportes.,Evolutivo,64,79,19,0,0,0,2025-10-24 11:10:01
216,Banco Aurora,API de Notificaciones,portal,Plantean la creación de un panel específico para seguimiento de tickets críticos. Comentan que en general están muy contentos con la plataforma. gracias,Evolutivo,100,513,47,1,0,0,2025-11-26 11:10:01
217,Cliente Pacífico,Integración ERP,correo,El cliente quiere que el sistema envíe alertas automáticas cuando el SLA esté cerca de incumplirse.,Evolutivo,25,335,1,0,0,0,2025-11-12 11:10:01
218,TecnoCloud,App Móvil Clientes,correo,Los correos de recuperación de contraseña no están llegando a los clientes. El cliente está muy molesto y necesita solución urgente. urgente,Correctivo,48,634,18,-1,0,0,2025-10-15 11:10:01
219,Cliente Pacífico,Módulo de Facturación,portal,"Los usuarios no pueden iniciar sesión, el sistema muestra credenciales inválidas aunque son correctas. El cliente está muy molesto y necesita solución urgente. urgente",Correctivo,70,316,28,-1,0,0,2025-10-12 11:10:01
220,Retail Nova,Módulo de Facturación,correo,Los correos de recuperación de contraseña no están llegando a los clientes. El cliente está muy molesto y necesita solución urgente. urgente,Correctivo,61,92,22,-1,0,0,2025-11-24 11:10:01
221,EduTech Global,API de Notificaciones,portal,El cliente solicita agregar un filtro por sucursal en el tablero de KPIs para segmentar mejor la información. Comentan que en general están muy contentos con la plataforma. funciona bien,Evolutivo,89,249,36,1,0,0,2025-11-19 11:10:01
222,Logística Sur,App de Soporte,correo,"El portal está muy lento, las páginas tardan más de 10 segundos en cargar. El cliente deja su correo juan.perez@example.com y el número 3201234567 para contacto. El cliente está muy molesto y necesita solución urgente. muy molesto",Correctivo,70,307,30,-1,0,1,2025-11-06 11:10:01
223,Retail Nova,Tablero de KPIs,whatsapp,El cliente propone un módulo de autoservicio donde ellos mismos puedan configurar algunos reportes. Comentan que en general están muy contentos con la plataforma. gracias,Evolutivo,60,406,21,1,0,0,2025-11-05 11:10:01
224,Finanzas Alpha,App Móvil Clientes,portal,El dashboard de indicadores muestra totales diferentes a los del reporte detallado.,Correctivo,74,206,30,0,0,0,2025-11-18 11:10:01
225,Logística Sur,BI Ejecutivo,portal,El área de finanzas pide poder exportar los reportes también en formato CSV. Comentan que en general están muy contentos con la plataforma. rápido,Evolutivo,56,403,23,1,0,0,2025-10-01 11:10:01
226,EduTech Global,Tablero de KPIs,whatsapp,Requieren integrar el módulo de facturación con un nuevo proveedor de pagos en línea.,Evolutivo,100,473,45,0,0,0,2025-11-01 11:10:01
227,Retail Nova,Módulo de Facturación,portal,Requieren integrar el módulo de facturación con un nuevo proveedor de pagos en línea.,Evolutivo,100,434,50,0,0,0,2025-11-25 11:10:01
228,TecnoCloud,API de Notificaciones,portal,Los datos de ventas diarios no se actualizan desde hace dos días. El cliente está muy molesto y necesita solución urgente. frustrado,Correctivo,100,38,50,-1,0,0,2025-10-16 11:10:01
229,SaludNet,API de Notificaciones,whatsapp,Nos piden incluir un resumen ejecutivo con gráficos en el informe mensual descargable en PDF. Comentan que en general están muy contentos con la plataforma. funciona bien,Evolutivo,100,46,36,1,0,0,2025-10-17 11:10:01
230,Logística Sur,BI Ejecutivo,portal,La pantalla de reportes se queda en blanco cuando filtramos por rango de fechas. El cliente está muy molesto y necesita solución urgente. frustrado,Correctivo,84,705,36,-1,0,0,2025-11-01 11:10:01
231,Finanzas Alpha,Integración ERP,portal,El cliente propone un módulo de autoservicio donde ellos mismos puedan configurar algunos reportes.,Evolutivo,25,495,6,0,0,0,2025-11-03 11:10:01
232,Cliente Pacífico,Módulo de Facturación,whatsapp,"El portal está muy lento, las páginas tardan más de 10 segundos en cargar. El cliente está muy molesto y necesita solución urgente. inaceptable",Correctivo,28,488,6,-1,0,0,2025-10-14 11:10:01
233,TecnoCloud,BI Ejecutivo,correo,"Un usuario reporta que le llegó un mensaje pidiendo datos de tarjeta de crédito para mantener el acceso a la plataforma. La pantalla de reportes se queda en blanco cuando filtramos por rango de fechas. Además, el usuario adjunta el enlace sospechoso que pide usuario y contraseña. El cliente está muy molesto y necesita solución urgente. crítico",Correctivo,77,250,33,-1,1,0,2025-10-25 11:10:01
234,Cliente Caribe,BI Ejecutivo,whatsapp,El menú principal desaparece cuando se abre el módulo de contratos. El cliente está muy molesto y necesita solución urgente. muy molesto,Correctivo,14,406,1,-1,0,0,2025-10-04 11:10:01
235,Banco Aurora,App Móvil Clientes,whatsapp,Desde la última actualización el módulo de facturación devuelve error 500 al generar las facturas.,Correctivo,97,65,36,0,0,0,2025-10-09 11:10:01
236,SaludNet,App de Soporte,portal,El menú principal desaparece cuando se abre el módulo de contratos. El cliente está muy molesto y necesita solución urgente. inaceptable,Correctivo,66,612,24,-1,0,0,2025-11-04 11:10:01
237,EduTech Global,Módulo de Facturación,portal,El menú principal desaparece cuando se abre el módulo de contratos.,Correctivo,96,305,39,0,0,0,2025-11-24 11:10:01
238,Cliente Caribe,BI Ejecutivo,correo,La pantalla de reportes se queda en blanco cuando filtramos por rango de fechas. El cliente está muy molesto y necesita solución urgente. muy molesto,Correctivo,34,611,8,-1,0,0,2025-11-05 11:10:01
239,Logística Sur,App de Soporte,portal,Requieren integrar el módulo de facturación con un nuevo proveedor de pagos en línea. Comentan que en general están muy contentos con la plataforma. rápido,Evolutivo,87,462,39,1,0,0,2025-10-05 11:10:01
240,Finanzas Alpha,Portal de Pagos,portal,Los correos de recuperación de contraseña no están llegando a los clientes. El cliente está muy molesto y necesita solución urgente. muy molesto,Correctivo,100,426,45,-1,0,0,2025-10-29 11:10:01
241,Cliente Caribe,Módulo de Facturación,whatsapp,El botón de exportar a Excel no descarga el archivo y no muestra mensaje de error. El cliente está muy molesto y necesita solución urgente. crítico,Correctivo,88,469,36,-1,0,0,2025-10-25 11:10:01
242,SaludNet,Módulo de Facturación,whatsapp,Los datos de ventas diarios no se actualizan desde hace dos días.,Correctivo,100,43,48,0,0,0,2025-10-26 11:10:01
243,Banco Aurora,Integración ERP,correo,El equipo comercial solicita una vista móvil optimizada para revisar métricas desde el celular. Comentan que en general están muy contentos con la plataforma. rápido,Evolutivo,66,90,28,1,0,0,2025-10-11 11:10:01
244,Banco Aurora,Tablero de KPIs,whatsapp,"Al aprobar una orden de compra, el sistema se queda congelado y debemos reiniciar. El cliente está muy molesto y necesita solución urgente. frustrado",Correctivo,100,143,50,-1,0,0,2025-10-08 11:10:01
245,Banco Aurora,Portal de Pagos,whatsapp,"El portal está muy lento, las páginas tardan más de 10 segundos en cargar.",Correctivo,54,300,18,0,0,0,2025-11-12 11:10:01
246,SaludNet,Módulo de Facturación,correo,Nos solicitan habilitar autenticación con doble factor para los usuarios administradores.,Evolutivo,99,130,44,0,0,0,2025-11-14 11:10:01
247,Cliente Caribe,BI Ejecutivo,correo,Nos solicitan habilitar autenticación con doble factor para los usuarios administradores. Comentan que en general están muy contentos con la plataforma. muy contentos,Evolutivo,66,385,28,1,0,0,2025-10-20 11:10:01
248,Cliente Pacífico,Integración ERP,whatsapp,El cliente quiere que el sistema envíe alertas automáticas cuando el SLA esté cerca de incumplirse.,Evolutivo,100,96,46,0,0,0,2025-10-20 11:10:01
249,Finanzas Alpha,Módulo de Facturación,whatsapp,Los correos de recuperación de contraseña no están llegando a los clientes. El cliente está muy molesto y necesita solución urgente. inaceptable,Correctivo,88,346,35,-1,0,0,2025-11-21 11:10:01
250,EduTech Global,App Móvil Clientes,portal,"Un usuario reporta que le llegó un mensaje pidiendo datos de tarjeta de crédito para mantener el acceso a la plataforma. El cliente solicita agregar un filtro por sucursal en el tablero de KPIs para segmentar mejor la información. Además, el usuario adjunta el enlace sospechoso que pide usuario y contraseña. El cliente deja su correo juan.perez@example.com y el número 3201234567 para contacto.",Evolutivo,72,162,28,0,1,1,2025-11-29 11:10:01
251,Logística Sur,Tablero de KPIs,whatsapp,Piden agregar un campo de referencia interna en las órdenes de compra para rastrear campañas. Comentan que en general están muy contentos con la plataforma. rápido,Evolutivo,24,257,5,1,0,0,2025-10-18 11:10:01
252,Cliente Caribe,Portal de Pagos,portal,El equipo comercial solicita una vista móvil optimizada para revisar métricas desde el celular. El cliente deja su correo juan.perez@example.com y el número 3201234567 para contacto. Comentan que en general están muy contentos con la plataforma. excelente,Evolutivo,19,489,4,1,0,1,2025-10-23 11:10:01
253,Banco Aurora,Gestión de Contratos,whatsapp,Desde la última actualización el módulo de facturación devuelve error 500 al generar las facturas.,Correctivo,99,433,44,0,0,0,2025-10-30 11:10:01
254,Cliente Pacífico,Tablero de KPIs,portal,La pantalla de reportes se queda en blanco cuando filtramos por rango de fechas. El cliente está muy molesto y necesita solución urgente. muy molesto,Correctivo,100,137,41,-1,0,0,2025-11-20 11:10:01
255,Cliente Pacífico,Gestión de Contratos,whatsapp,"Los usuarios no pueden iniciar sesión, el sistema muestra credenciales inválidas aunque son correctas. El cliente está muy molesto y necesita solución urgente. crítico",Correctivo,97,422,39,-1,0,0,2025-11-01 11:10:01
256,Banco Aurora,Módulo de Facturación,correo,La pantalla de reportes se queda en blanco cuando filtramos por rango de fechas.,Correctivo,100,323,50,0,0,0,2025-11-14 11:10:01
257,Retail Nova,Módulo de Facturación,correo,El dashboard de indicadores muestra totales diferentes a los del reporte detallado.,Correctivo,100,28,42,0,0,0,2025-11-16 11:10:01
258,SaludNet,API de Notificaciones,whatsapp,Los correos de recuperación de contraseña no están llegando a los clientes. El cliente deja su correo juan.perez@example.com y el número 3201234567 para contacto.,Correctivo,77,246,31,0,0,1,2025-11-22 11:10:01
259,Banco Aurora,App Móvil Clientes,whatsapp,Los datos de ventas diarios no se actualizan desde hace dos días. El cliente deja su correo juan.perez@example.com y el número 3201234567 para contacto. El cliente está muy molesto y necesita solución urgente. inaceptable,Correctivo,66,136,24,-1,0,1,2025-11-03 11:10:01
260,Finanzas Alpha,Gestión de Contratos,whatsapp,El menú principal desaparece cuando se abre el módulo de contratos. El cliente está muy molesto y necesita solución urgente. urgente,Correctivo,59,15,16,-1,0,0,2025-11-27 11:10:01
261,Cliente Andes,Integración ERP,whatsapp,Los datos de ventas diarios no se actualizan desde hace dos días. El cliente está muy molesto y necesita solución urgente. frustrado,Correctivo,89,551,39,-1,0,0,2025-11-12 11:10:01
262,Cliente Pacífico,Portal de Proveedores,correo,El botón de exportar a Excel no descarga el archivo y no muestra mensaje de error. El cliente está muy molesto y necesita solución urgente. frustrado,Correctivo,100,650,48,-1,0,0,2025-10-17 11:10:01
263,Cliente Pacífico,Portal de Proveedores,whatsapp,El botón de exportar a Excel no descarga el archivo y no muestra mensaje de error. El cliente deja su correo juan.perez@example.com y el número 3201234567 para contacto. El cliente está muy molesto y necesita solución urgente. muy molesto,Correctivo,85,627,38,-1,0,1,2025-11-10 11:10:01
264,Cliente Caribe,Módulo de Facturación,correo,El cliente solicita agregar un filtro por sucursal en el tablero de KPIs para segmentar mejor la información.,Evolutivo,34,266,10,0,0,0,2025-11-21 11:10:01
265,Retail Nova,Módulo de Facturación,correo,Los correos de recuperación de contraseña no están llegando a los clientes. El cliente deja su correo juan.perez@example.com y el número 3201234567 para contacto.,Correctivo,90,591,40,0,0,1,2025-10-29 11:10:01
266,TecnoCloud,Gestión de Contratos,portal,El dashboard de indicadores muestra totales diferentes a los del reporte detallado.,Correctivo,96,588,43,0,0,0,2025-11-15 11:10:01
267,SaludNet,Portal de Pagos,correo,El cliente solicita agregar un filtro por sucursal en el tablero de KPIs para segmentar mejor la información. Comentan que en general están muy contentos con la plataforma. excelente,Evolutivo,23,184,2,1,0,0,2025-10-09 11:10:01
268,Logística Sur,Tablero de KPIs,portal,"Al aprobar una orden de compra, el sistema se queda congelado y debemos reiniciar. El cliente deja su correo juan.perez@example.com y el número 3201234567 para contacto. El cliente está muy molesto y necesita solución urgente. frustrado",Correctivo,7,690,3,-1,0,1,2025-11-15 11:10:01
269,SaludNet,Portal de Pagos,portal,El menú principal desaparece cuando se abre el módulo de contratos. El cliente está muy molesto y necesita solución urgente. urgente,Correctivo,67,567,29,-1,0,0,2025-11-06 11:10:01
270,Banco Aurora,Portal de Proveedores,whatsapp,El cliente propone un módulo de autoservicio donde ellos mismos puedan configurar algunos reportes.,Evolutivo,100,201,46,0,0,0,2025-10-12 11:10:01
271,Banco Aurora,App de Soporte,correo,El cliente solicita agregar un filtro por sucursal en el tablero de KPIs para segmentar mejor la información.,Evolutivo,66,10,21,0,0,0,2025-10-12 11:10:01
272,Logística Sur,Portal de Proveedores,correo,El botón de exportar a Excel no descarga el archivo y no muestra mensaje de error.,Correctivo,100,146,45,0,0,0,2025-11-24 11:10:01
273,Cliente Andes,Tablero de KPIs,whatsapp,"Al aprobar una orden de compra, el sistema se queda congelado y debemos reiniciar. El cliente está muy molesto y necesita solución urgente. frustrado",Correctivo,95,137,40,-1,0,0,2025-11-25 11:10:01
274,EduTech Global,API de Notificaciones,correo,"Los usuarios no pueden iniciar sesión, el sistema muestra credenciales inválidas aunque son correctas. El cliente está muy molesto y necesita solución urgente. muy molesto",Correctivo,100,718,47,-1,0,0,2025-11-09 11:10:01
275,TecnoCloud,Portal de Proveedores,correo,El botón de exportar a Excel no descarga el archivo y no muestra mensaje de error. El cliente está muy molesto y necesita solución urgente. urgente,Correctivo,72,169,28,-1,0,0,2025-11-09 11:10:01
276,Logística Sur,Módulo de Facturación,whatsapp,El botón de exportar a Excel no descarga el archivo y no muestra mensaje de error.,Correctivo,39,93,10,0,0,0,2025-11-10 11:10:01
277,EduTech Global,Portal de Pagos,correo,El cliente quiere que el sistema envíe alertas automáticas cuando el SLA esté cerca de incumplirse.,Evolutivo,73,406,32,0,0,0,2025-10-17 11:10:01
278,Retail Nova,Portal de Proveedores,correo,Los correos de recuperación de contraseña no están llegando a los clientes. El cliente está muy molesto y necesita solución urgente. urgente,Correctivo,23,474,6,-1,0,0,2025-11-22 11:10:01
279,Cliente Andes,Portal de Pagos,correo,Los correos de recuperación de contraseña no están llegando a los clientes. El cliente está muy molesto y necesita solución urgente. frustrado,Correctivo,42,601,16,-1,0,0,2025-11-28 11:10:01
280,Cliente Pacífico,Tablero de KPIs,whatsapp,"Los usuarios no pueden iniciar sesión, el sistema muestra credenciales inválidas aunque son correctas.",Correctivo,22,126,2,0,0,0,2025-11-26 11:10:01
281,Cliente Caribe,API de Notificaciones,portal,Nos solicitan habilitar autenticación con doble factor para los usuarios administradores. Comentan que en general están muy contentos con la plataforma. rápido,Evolutivo,35,220,11,1,0,0,2025-11-12 11:10:01
282,TecnoCloud,App de Soporte,correo,El cliente propone un módulo de autoservicio donde ellos mismos puedan configurar algunos reportes. Comentan que en general están muy contentos con la plataforma. funciona bien,Evolutivo,6,491,3,1,0,0,2025-11-12 11:10:01
283,Logística Sur,App de Soporte,portal,Los datos de ventas diarios no se actualizan desde hace dos días. El cliente está muy molesto y necesita solución urgente. urgente,Correctivo,100,392,50,-1,0,0,2025-10-30 11:10:01
284,SaludNet,App Móvil Clientes,portal,Plantean la creación de un panel específico para seguimiento de tickets críticos. Comentan que en general están muy contentos con la plataforma. funciona bien,Evolutivo,19,225,1,1,0,0,2025-11-26 11:10:01
285,TecnoCloud,Gestión de Contratos,portal,El equipo comercial solicita una vista móvil optimizada para revisar métricas desde el celular.,Evolutivo,77,273,34,0,0,0,2025-10-12 11:10:01
286,Banco Aurora,API de Notificaciones,portal,"Los usuarios no pueden iniciar sesión, el sistema muestra credenciales inválidas aunque son correctas.",Correctivo,62,715,22,0,0,0,2025-11-28 11:10:01
287,Finanzas Alpha,API de Notificaciones,whatsapp,El botón de exportar a Excel no descarga el archivo y no muestra mensaje de error.,Correctivo,49,556,19,0,0,0,2025-10-29 11:10:01
288,Cliente Andes,Módulo de Facturación,correo,"Un usuario reporta que le llegó un mensaje pidiendo datos de tarjeta de crédito para mantener el acceso a la plataforma. El botón de exportar a Excel no descarga el archivo y no muestra mensaje de error. Además, el usuario adjunta el enlace sospechoso que pide usuario y contraseña. El cliente deja su correo juan.perez@example.com y el número 3201234567 para contacto.",Correctivo,30,207,8,0,1,1,2025-10-15 11:10:01
289,Cliente Caribe,BI Ejecutivo,correo,El dashboard de indicadores muestra totales diferentes a los del reporte detallado. El cliente está muy molesto y necesita solución urgente. frustrado,Correctivo,22,374,4,-1,0,0,2025-10-15 11:10:01
290,Logística Sur,API de Notificaciones,correo,"Al aprobar una orden de compra, el sistema se queda congelado y debemos reiniciar.",Correctivo,81,655,31,0,0,0,2025-11-09 11:10:01
291,Cliente Caribe,Gestión de Contratos,whatsapp,El cliente propone un módulo de autoservicio donde ellos mismos puedan configurar algunos reportes.,Evolutivo,61,180,24,0,0,0,2025-10-14 11:10:01
292,Retail Nova,App de Soporte,correo,El cliente propone un módulo de autoservicio donde ellos mismos puedan configurar algunos reportes.,Evolutivo,55,34,11,0,0,0,2025-11-09 11:10:01
293,EduTech Global,Tablero de KPIs,whatsapp,El menú principal desaparece cuando se abre el módulo de contratos. El cliente está muy molesto y necesita solución urgente. inaceptable,Correctivo,90,172,40,-1,0,0,2025-10-08 11:10:01
294,Finanzas Alpha,App Móvil Clientes,correo,El botón de exportar a Excel no descarga el archivo y no muestra mensaje de error.,Correctivo,21,2,3,0,0,0,2025-11-01 11:10:01
295,Logística Sur,App de Soporte,portal,Los correos de recuperación de contraseña no están llegando a los clientes.,Correctivo,100,592,41,0,0,0,2025-11-15 11:10:01
296,Cliente Caribe,App Móvil Clientes,correo,El cliente solicita agregar un filtro por sucursal en el tablero de KPIs para segmentar mejor la información.,Evolutivo,68,76,21,0,0,0,2025-10-04 11:10:01
297,Logística Sur,App de Soporte,whatsapp,La pantalla de reportes se queda en blanco cuando filtramos por rango de fechas.,Correctivo,88,32,27,0,0,0,2025-11-19 11:10:01
298,EduTech Global,Integración ERP,correo,"Al aprobar una orden de compra, el sistema se queda congelado y debemos reiniciar. El cliente está muy molesto y necesita solución urgente. frustrado",Correctivo,97,272,42,-1,0,0,2025-11-10 11:10:01
299,Banco Aurora,Módulo de Facturación,correo,Los datos de ventas diarios no se actualizan desde hace dos días. El cliente está muy molesto y necesita solución urgente. muy molesto,Correctivo,55,90,18,-1,0,0,2025-10-20 11:10:01
300,EduTech Global,App Móvil Clientes,correo,El botón de exportar a Excel no descarga el archivo y no muestra mensaje de error. El cliente está muy molesto y necesita solución urgente. urgente,Correctivo,100,316,50,-1,0,0,2025-10-30 11:10:01
